Орекьетте с броколли;pasta,meal;Оливер, Обеды за 30 минут;24
Салат из цукини;salad;Оливер, Обеды за 30 минут;24
Салат из дыни и прошутто;salad;Оливер, Обеды за 30 минут;24
Любимая паста Джулс;pasta,meal;Оливер, Обеды за 30 минут;30
Ригатони из трапани;pasta,meal;Оливер, Обеды за 30 минут;40
Салат из руколы;salad;Оливер, Обеды за 30 минут;40
Трайфл;desert;Оливер, Обеды за 30 минут;40
Зеленый салат;salad;Оливер, Обеды за 30 минут;40
Тосканский салат из помидоров;salad;Оливер, Обеды за 30 минут;48
Спагетти алла путтанесла;pasta,meal;Оливер, Обеды за 30 минут;54
Салат из моцареллы;salad;Оливер, Обеды за 30 минут;58
Салат из помидоров;salad;Оливер, Обеды за 30 минут;58
Салат из шпината;salad;Оливер, Обеды за 30 минут;64
Огуречный салат;salad;Оливер, Обеды за 30 минут;70
Пирог со шпинатом и фетой;pie,meal;Оливер, Обеды за 30 минут;70
Рассыпчатый рис;side dish;Оливер, Обеды за 30 минут;80
Морковный салат;salad;Оливер, Обеды за 30 минут;80
Хрустящая курица;chicken;Оливер, Обеды за 30 минут;86
Рисовая лапша;side dish;Оливер, Обеды за 30 минут;86
Кимчи;salad;Оливер, Обеды за 30 минут;86
Пирог с курице;pie,meal;Оливер, Обеды за 30 минут;90
Курица с горчицей;chicken;Оливер, Обеды за 30 минут;96
Быстрая запеканка дофинуфз;side dish;Оливер, Обеды за 30 минут;96
Запеченная курица;chicken;Оливер, Обеды за 30 минут;102
Кортофель с розмарином;side dish;Оливер, Обеды за 30 минут;102
Шпинат со сливками;side dish;Оливер, Обеды за 30 минут;102
Огненная курица по-ямайски;chicken;Оливер, Обеды за 30 минут;106
Рис с фасолью;side dish;Оливер, Обеды за 30 минут;106
Кукуруза на гриле;side dish;Оливер, Обеды за 30 минут;106
Острый салат из лапши;salad;Оливер, Обеды за 30 минут;110
Соус сатай;souce;Оливер, Обеды за 30 минут;110
Фаршированная курица;chicken;Оливер, Обеды за 30 минут;116
Жареная спаржа с помидорами;side dish;Оливер, Обеды за 30 минут;116
Капустный салат;salad;Оливер, Обеды за 30 минут;116
Курица пири-пири;chicken;Оливер, Обеды за 30 минут;120
Картофель с заправкой;side dish;Оливер, Обеды за 30 минут;120
Огуречный салат;salad;Оливер, Обеды за 30 минут;130
Жаренный халуми;entree;Оливер, Обеды за 30 минут;134
Хрустящая треска;fish;Оливер, Обеды за 30 минут;140
Пюре с горошком и брокколи;side dish;Оливер, Обеды за 30 минут;140
Соус тартар;souce;Оливер, Обеды за 30 минут;140
Теплый салат;salad;Оливер, Обеды за 30 минут;140
Запеченая молодая картошка;side dish;Оливер, Обеды за 30 минут;146
Рис со сладким чили;side dish;Оливер, Обеды за 30 минут;150
Кускус;side dish;Оливер, Обеды за 30 минут;154
Таджин;fish;Оливер, Обеды за 30 минут;154
Соленая семга, молодой кортофель и пиво;fish,mael;Оливер, Обеды за 30 минут;158
Запеченная рыба с креветками;fish;Оливер, Обеды за 30 минут;168
Салат с травами;salad;Оливер, Обеды за 30 минут;174
Овощи по-азиатски;side dish;Оливер, Обеды за 30 минут;180
Пюре из батата;side dish;Оливер, Обеды за 30 минут;180
Сибас с хрустящей паначетой;fish;Оливер, Обеды за 30 минут;180
Семга в азиатском стиле;fish;Оливер, Обеды за 30 минут;186
Бульон с лапшой;soup;Оливер, Обеды за 30 минут;186
Хрустящая семга;fish;Оливер, Обеды за 30 минут;190
Пряный рис;side dish;Оливер, Обеды за 30 минут;190
Потрясающе гуакамоле;souce;Оливер, Обеды за 30 минут;190
Салат из молодых цукини;salad;Оливер, Обеды за 30 минут;190
Ростбиф, молодая морковка, поджаристый картофель, быстрая подливка;beef,meal;Оливер, Обеды за 30 минут;196
Сендвич сo стейком;beef,meal;Оливер, Обеды за 30 минут;200
Стейк;beef;Оливер, Обеды за 30 минут;204
Лапша дан-дан;side dish;Оливер, Обеды за 30 минут;204
Быстрая поджарка из говядины, картофель в мундире, нежная фасоль;beef,meal;Оливер, Обеды за 30 минут;210
Сэндвич с фрикадельками;beef;Оливер, Обеды за 30 минут;220
Рубленный салат;salad;Оливер, Обеды за 30 минут;220
Пюре с луковой подливкой;side dish;Оливер, Обеды за 30 минут;226
Фокачча с начинкой;meal;Оливер, Обеды за 30 минут;230
Моцарелла с заправкой;salad;Оливер, Обеды за 30 минут;230
Фасоль с чесноком;side dish;Оливер, Обеды за 30 минут;236
Кассуле из колбасок;pork, meal;Оливер, Обеды за 30 минут;244
Теплый салат из брокколи;salad;Оливер, Обеды за 30 минут;244
Колбаски в тесте;pork;Оливер, Обеды за 30 минут;256
Кускус с травами;side dish;Оливер, Обеды за 30 минут;266
Овощьное ассорти, подливка с кьянти;side dish;Оливер, Обеды за 30 минут;268